"Names","Group","January_Quantity","January_Value","February_Quantity","February_Value","March_Quantity","March_Value","April_Quantity","April_Value","May_Quantity","May_Value","June_Quantity","June_Value","July_Quantity","July_Value","August_Quantity","August_Value","September_Quantity","September_Value","October_Quantity","October_Value","November_Quantity","November_Value","December_Quantity","December_Value","12_months_Quantity","12_months_Value"
"EU",NA,0,1239383.79,0,1269758.91,0,1371214.57,0,1396533.54,0,1378414.8,0,1221822.28,0,1200410.55,0,1240217.99,0,1156573.18,0,1264919.18,0,1236105.88,0,1443664.95,0,15419020.98
"EU","Fibres, not spun",313,1404,252,908.7,275,1031.04,445,1694.56,306,1119.18,169,785.75,281,1040.07,139,963.98,293,1165.08,95,1259.06,352,1242.83,157,557.78,3077,13172.09
"EU","Textile fibrics",0,10919.09,0,11579.77,0,14017.86,0,17972.39,0,22874.29,0,16386.64,0,17317.15,0,18536.62,0,12121.37,0,15266.69,0,17128.9,0,16241.98,0,190362.98
"EU","Insecticides and materials",0,8138.04,0,9731.53,0,4095.37,0,7330.79,0,6013.18,0,5399.65,0,7571.97,0,6519.56,0,5955.22,0,4834.64,0,6114.92,0,6527.47,0,78232.51
"EU","Animal fodder and materials",0,35852.98,0,26980.55,0,29197.65,0,35584.56,0,47523.05,0,48365.46,0,40048.95,0,51960.6,0,40771.41,0,39705.62,0,63170.67,0,41837.33,0,500999.23
"EU","Glass and glassware",0,1275.11,0,1084.99,0,2305.28,0,3112.92,0,1180.17,0,1368.93,0,1392.73,0,1658.72,0,1531.89,0,1223.4,0,1693.44,0,980.95,0,18808.63
"EU","Iron, Steel",2162,9474.07,1660,7183.41,1988,10246.6,2726,7787.7,2313,6888.62,2231,9538.67,2284,9388.98,2240,10111.92,1966,8912.21,1162,8204,1620,8678.91,2105,7689.29,24457,104104.86
"EU","Articles of iron and steel",0,10754.15,0,10379.51,0,14609.7,0,14703.48,0,16983.73,0,16307.05,0,16960.32,0,17957.72,0,17997.74,0,15709.36,0,17183,0,21853.76,0,191400.08
"EU","Other base metal products",0,934.58,0,981.07,0,1145.6,0,854.3,0,966.22,0,1188.46,0,1074.47,0,1094.64,0,1184.13,0,1280.17,0,1821.58,0,1432.32,0,13957.58
"EU","Paper products",0,616.37,0,643.67,0,878.42,0,825.69,0,755.99,0,805.86,0,1032.15,0,343.73,0,408.31,0,609.72,0,289.41,0,662.02,0,7871.39
"EU","Articles of plastics",0,13393.94,0,11628.41,0,13019.9,0,12975.14,0,13022.8,0,13679.62,0,12175.3,0,14208.35,0,13843.15,0,13273.25,0,15845.64,0,14975.85,0,162041.68
"EU","Articles of rubber",0,5028.5,0,2526.56,0,4526.49,0,4462.57,0,3180.77,0,3632.02,0,3968.12,0,4346.14,0,4487.84,0,4226.85,0,3212.9,0,3706.34,0,47305.23
"EU","Other petroleum products",0,3080.15,0,1616.65,0,2766.24,0,2834.53,0,2192.76,0,2102.33,0,1946.05,0,3099.4,0,2460.67,0,2336.59,0,1713.22,0,1854.7,0,28003.41
"EU","Chemical products",0,61892.15,0,46687.69,0,68660.95,0,51729.92,0,55113.85,0,57157.85,0,60106.49,0,64339.76,0,53816.16,0,49507.96,0,55712.95,0,68239.35,0,692965.54
"EU","Dairy products",0,21688.55,0,19269.89,0,19500.02,0,18728.67,0,18297.67,0,24227.42,0,24038.18,0,23684.09,0,18413.93,0,17971.25,0,13475.49,0,15212.46,0,234508.1
"EU","Ores and other minerals",620,1143.51,228,328.2,231,604.45,356,641.99,177,283.11,380,1374.29,129,72.37,189,461.62,333,603.16,272,177.57,251,396.65,250,193.04,3416,6280.05
"EU","Waste iron and steel",707,332.35,0,0,764,366.52,0,0,707,369.28,0,0,0,0,0,0,38676,14643.38,0,0,0,0,0,0,40854,15711.55
"EU","Other means of transort and equipments",0,15824.12,0,7876.93,0,8721.61,0,10861.3,0,21955.61,0,42386.9,0,15443.48,0,12523.96,0,10949.54,0,24345.99,0,13734.66,0,14825.14,0,199449.35
"EU","Fertilizers",9032,3797.99,7027,2608.22,8867,3796.1,4873,2852.1,2745,971.31,6107,2138.57,8789,4452.56,3579,2151.31,3471,2023.15,4809,3002.4,3602,2002.75,3787,1878.77,66688,31675.3
"EU","Auxiliary materials for cigarettes",0,0,0,51.25,0,633.23,0,260.67,0,990.63,0,842.31,0,1007.25,0,242.08,0,655.52,0,104.34,0,520.31,0,976.14,0,6283.77
"EU","Auxiliary materials for textile, garment, leather, footwear",0,19642.85,0,24041.8,0,32734.04,0,24666.99,0,24957.32,0,21934.41,0,20458.57,0,20484.38,0,17892.27,0,13747.17,0,16662.26,0,18464.3,0,255686.67
"EU","Auxiliary materials for medicaments",0,1816.4,0,2061.9,0,1535.27,0,2033.63,0,1705.1,0,3245.67,0,1478.49,0,2606,0,1945.93,0,3320.18,0,1518.63,0,3595.23,0,26862.66
"EU","Computers, electronical products and parts",0,339237.72,0,415505.83,0,400331.41,0,474902.27,0,306828.84,0,155662.47,0,218129.34,0,210166.88,0,222946.14,0,303647.76,0,185617.62,0,212975.91,0,3445952.89
"EU","Other Machinery, instrument, accessory",0,264348.83,0,201108.88,0,250968.1,0,231237.44,0,227415.2,0,238848.07,0,228628,0,245959.68,0,203529.77,0,196763.74,0,257291.7,0,303899.34,0,2849999.49
"EU","Wheat",0,0,0,0,0,0,0,0,0,0,0,0,0,0,242,96.18,0,0,0,0,0,0,0,0,242,96.18
"EU","Parts and accessories for motor",0,5970.57,0,7111.8,0,11704.68,0,11503.12,0,12142.42,0,8510.78,0,5640.78,0,6779.64,0,9595.91,0,9185.11,0,8599.33,0,10614.48,0,107358.82
"EU","Other base metals",673,3288.1,1698,14802.85,893,5479.92,1460,15042.91,309,2546.31,933,7288.1,1190,9490.6,888,7725.16,762,6298.17,1267,10577.37,512,2643.07,1855,13702.06,12440,98884.91
"EU","Chemicals",0,14078.18,0,32428.28,0,25188.05,0,29735.35,0,30109.11,0,43600.64,0,43888.39,0,36657.86,0,28217.63,0,29102.38,0,35218.91,0,21660.74,0,369885.9
"EU","Fishery products",0,3195.78,0,1399.19,0,2217.03,0,4429.3,0,3781.94,0,2277.67,0,4296.36,0,2019.37,0,978.6,0,1831.05,0,2475.74,0,4128.84,0,33031.03
"EU","Domestic electrical appliances and parts",0,876.03,0,814.88,0,1423.8,0,939.35,0,1783.05,0,1068.09,0,1423.57,0,1546.77,0,2287,0,1324.7,0,2107.31,0,2070.09,0,17664.72
"EU","Paper",3141,4395.4,3663,4932.19,4607,5886.49,2109,3055.39,3801,5666.06,6374,8156.43,5091,6580.72,6222,8225.47,2312,3843.78,4201,5958.91,3999,5347.07,3813,6480.97,49333,68529.13
"EU","Wood and wooden products",0,13585.29,0,10019.37,0,16627.42,0,16108.16,0,20239.8,0,23070.08,0,19437.62,0,28055.89,0,22802.23,0,16068.25,0,15144.57,0,19664.41,0,220823.38
"EU","Pharmaceutical products",0,107289.96,0,141047.34,0,138168.82,0,120494.25,0,195716.07,0,155364.97,0,103058.97,0,102746.4,0,139950.4,0,161045.03,0,155736.66,0,229345.32,0,1749964.8
"EU","Electrical wire and cable",0,1480.15,0,2811.03,0,2889.54,0,1970.7,0,3947.7,0,1904.73,0,1610.92,0,3000.41,0,1352.91,0,2851.42,0,2095.47,0,2597.17,0,28512.33
"EU","Other preparations for foodstuff",0,10111.66,0,8796.25,0,8752.33,0,8732.63,0,11741.27,0,12144.14,0,12889.54,0,13397.14,0,8805.76,0,8595.12,0,5868.13,0,11014.95,0,120849.21
"EU","Plastic materials",4762,16730.22,3014,14465.73,4574,19327.1,4144,18472.94,4885,20005.4,5767,24334.09,5290,24406.67,4581,21374.26,4190,17047.76,4638,18883.26,5132,21014.5,4788,17505.89,55765,233568.2
"EU","Aromatic substance, cosmetic and cleaning preparations",0,6419.49,0,6098.8,0,8228.42,0,7064.27,0,8946.58,0,11532.78,0,8575.4,0,10823.43,0,10519.19,0,9534.6,0,10754.04,0,11532.5,0,110029.75
"EU","Rubber",617,1678.46,1455,3312.71,1363,3062.99,981,2852.08,1275,2824.96,836,2332.08,545,2273.7,573,2431.12,407,2064.08,354,1480.47,373,1730.42,371,1784.29,9150,27827.58
"EU","Sweets, cookies and cereal preparations",0,851.47,0,790.3,0,1180.48,0,867.66,0,799.32,0,728.37,0,1447.69,0,1253,0,1466.88,0,1578.3,0,2593.35,0,1549.92,0,15106.86
"EU","Telephones and their parts",0,0,0,66.59,0,0,0,0,0,0,0,22.55,0,24.13,0,40.76,0,0,0,29.44,0,0,0,0,0,183.49
"EU","Precious stones, precious metals and their products",0,5613.06,0,7130.48,0,19081.89,0,12805.39,0,15982.49,0,7938.05,0,12267.49,0,5072.18,0,13526.14,0,11697.9,0,8025,0,10465.02,0,129605.21
"EU","Motor vehicles, assembled",169,9796.46,106,6941.58,68,4300.98,172,9608.15,161,9244.2,129,8046.97,78,4797.56,41,3165.75,70,4379.2,119,7029.95,203,15097.61,73,4430.68,1389,86839.15
"ASEAN",NA,0,3451631.8,0,3533618.25,0,4845554.22,0,4323186.44,0,4133513.44,0,4143558.31,0,3811732,0,3820188.04,0,3579076.44,0,3678782.07,0,3896228.71,0,4066423.2,0,47283493.35
"ASEAN","Fibres, not spun",13299,27536.97,12446,25324.25,13107,25741.42,8071,19604.54,11348,22647.02,9482,19791.17,9952,21984.46,12894,24120.04,9819,18396.02,12305,21837.18,11219,18657.57,12699,21463.54,136641,267104.33
"ASEAN","Petroleum oil, refined",377164,271577.15,360242,311003.41,391058,404870.24,290057,309933.89,267623,310351.76,310971,419371.84,276701,294585.09,165613,165018.39,355097,337637.38,358918,311046.73,480288,474800.33,352260,282587.93,3985992,3892784.3
"ASEAN","Textile fibrics",0,39011.61,0,48724.27,0,57004.1,0,47614.89,0,52252.67,0,52453.82,0,49384.08,0,44032.87,0,47979.26,0,43591.34,0,43179.19,0,49003.93,0,574232.26
"ASEAN","Insecticides and materials",0,10013.3,0,12111.26,0,12342.75,0,13285.64,0,11086.39,0,12990.64,0,12427.63,0,14635.38,0,15346.76,0,11412.84,0,10620.53,0,8997.08,0,145270.42
"ASEAN","Animal fodder and materials",0,25372.51,0,28048.74,0,37855.35,0,33724.22,0,32235.93,0,36565.82,0,29235.64,0,29044.01,0,26928.94,0,28275.41,0,27456.38,0,32194.9,0,366938.09
"ASEAN","Glass and glassware",0,14909.39,0,9509.62,0,18193.06,0,14154.76,0,19325.6,0,18377.72,0,16966.92,0,16702.4,0,18085.84,0,23852.61,0,17924.42,0,15440.64,0,203443.13
"ASEAN","Coal",258343,29997.66,425771,36958.06,951894,132159.86,1350917,303159.12,1263483,231787.88,1409430,264020.36,576348,80629.24,1068656,120118.82,890356,90320.5,497352,56558.41,674475,91914.8,1148990,159480.24,10516015,1597105.01
"ASEAN","Iron, Steel",36757,88191.89,43104,106177.29,72942,122272.51,44369,93282.45,91513,174663.46,48285,118591.13,48910,119890.87,44151,102277.22,48921,83860.49,76289,109781.6,37646,71865.54,59962,124032.15,652849,1314886.81
"ASEAN","Articles of iron and steel",0,19320.71,0,17760.18,0,27491.43,0,23059.94,0,21037.26,0,26432.37,0,21272.85,0,25605.16,0,21544.69,0,22917.96,0,20087.32,0,19992.94,0,266523.06
"ASEAN","Other base metal products",0,5526.62,0,8148.31,0,8660.14,0,9520.9,0,10032.07,0,9636.86,0,9272.71,0,9223.58,0,9265.9,0,10025.82,0,8528.21,0,7469.98,0,105311.28
"ASEAN","Paper products",0,7503.84,0,7670.72,0,6632.66,0,7959.6,0,5807.13,0,9452.52,0,8473.47,0,7586.96,0,7918.78,0,9757.63,0,9125.66,0,11958.56,0,99847.69
"ASEAN","Articles of plastics",0,43079.17,0,40632.14,0,43842.79,0,42850.95,0,44761.14,0,44480.98,0,43212.47,0,40733.34,0,38892.91,0,38671.51,0,39745.99,0,39139.5,0,500043.12
"ASEAN","Articles of rubber",0,13043.93,0,13517.86,0,16945.44,0,12473.25,0,15632.57,0,13989.75,0,13201.97,0,13463.25,0,13722.18,0,11391.03,0,11958.66,0,13837.2,0,163177.34
"ASEAN","Other petroleum products",0,47682.44,0,49972.82,0,64557.39,0,43789.13,0,56938.1,0,57160.37,0,57773.6,0,54796.62,0,42212.15,0,43368.65,0,51624.94,0,111242.16,0,681118.58
"ASEAN","Chemical products",0,87168.73,0,78770.78,0,109024.04,0,98254.3,0,103946.08,0,103201.53,0,114344.99,0,95974.77,0,84786.37,0,89399.74,0,84848.33,0,82060.99,0,1131780.91
"ASEAN","Dairy products",0,11341.94,0,13735.68,0,15993.28,0,14550.7,0,13515.28,0,15056.87,0,13214.9,0,13250.95,0,13587.47,0,13909.36,0,12095.6,0,12054.89,0,162307.08
"ASEAN","Ores and other minerals",256293,13467.21,284025,13650.02,376884,18429.99,336072,16961.63,336607,12838.32,323585,12678.3,306214,12864.57,217123,10443.7,227357,10162.71,198804,9449.03,240036,8431.1,188768,7796.83,3291768,147173.6
"ASEAN","Waste iron and steel",19925,10767.99,26867,14075.05,41695,18656.1,51226,29842.78,66902,39015.89,26353,15165.94,4470,1894.6,23697,11576.05,32001,12649.03,32121,13301.99,32671,14158.32,22031,8403.01,379959,189506.83
"ASEAN","Other means of transort and equipments",0,32.47,0,58.75,0,79.68,0,55.09,0,90.85,0,559.63,0,484.76,0,353.89,0,228.75,0,43.39,0,105.16,0,373.88,0,2466.37
"ASEAN","Fertilizers",14432,8830.15,16291,10919.98,35931,20528.63,51026,31675.01,15909,10403.36,15442,10425.87,8611,5492.04,22180,14390.19,25948,16109,27437,15628.48,10685,5093.98,16547,8496.87,260439,157993.72
"ASEAN","Auxiliary materials for cigarettes",0,1782.32,0,609.67,0,8473.04,0,20218.1,0,10263.94,0,20675.83,0,8438.26,0,10710.41,0,1968.6,0,4375.14,0,10724.3,0,23001.98,0,121241.77
"ASEAN","Auxiliary materials for textile, garment, leather, footwear",0,29542.35,0,40787.47,0,37257.4,0,37354.03,0,39834.8,0,39246.62,0,41392.27,0,35657.53,0,34452.37,0,35249.25,0,27995.71,0,30233.75,0,429003.72
"ASEAN","Auxiliary materials for medicaments",0,81.74,0,226.56,0,234.89,0,261.57,0,316.47,0,442.48,0,261.68,0,284.76,0,360.26,0,629.43,0,333.09,0,191.57,0,3624.56
"ASEAN","Maize",479,1128.79,382,1307.9,6873,3597.41,6428,4151.31,3437,4134.3,410,1496.95,158,384.47,3239,3345.23,12871,9027.09,29676,11767.45,9815,3680.41,8986,3554.02,82754,47575.39
"ASEAN","Computers, electronical products and parts",0,526613,0,443176,0,543887.57,0,517858.54,0,531946.31,0,561894,0,556565.36,0,602004.18,0,563448.21,0,612900.34,0,503209.39,0,539881.11,0,6503384.29
"ASEAN","Other Machinery, instrument, accessory",0,211597.03,0,235835.28,0,279864.63,0,241780.92,0,239265.83,0,231863.19,0,276749.2,0,261966.69,0,242478.54,0,225524.24,0,207118.96,0,219116.45,0,2873161.24
"ASEAN","Cameras and their parts",0,2448.3,0,1364.2,0,1581.13,0,1065.69,0,2324.97,0,2054.4,0,3663.11,0,3717.34,0,3732.44,0,2764.18,0,2625.56,0,3643.74,0,30985.11
"ASEAN","Parts and accessories for motor",0,80183.18,0,89609.38,0,107950.61,0,102494.83,0,95266.63,0,100081.84,0,103986.07,0,118513.26,0,115333.1,0,134000.55,0,137424.67,0,149609.31,0,1334453.61
"ASEAN","Other base metals",28435,147906.96,27596,148989.79,32166,188568.39,32253,172088.07,30404,187613.73,29761,163567.77,26981,139312.02,33871,163869.82,26554,116324.15,30379,130907.59,27628,123797.46,31665,155316,357693,1838262.05
"ASEAN","Liquefied Petroleum Gas",16176,13150.93,12851,10720,20067,20305.88,20706,21610.15,3101,2858.93,11306,9822.48,7968,6207.12,9677,6817.35,10196,7116.41,13147,8296.92,25226,16165.36,12319,8989.75,162740,132061.42
"ASEAN","Chemicals",0,149428.29,0,151992.84,0,190291.08,0,185083.22,0,166374.59,0,162603.03,0,122003.74,0,140973.08,0,112158.04,0,115951.6,0,102521.08,0,103882.26,0,1703263.05
"ASEAN","Cashew nut",5280,8349.1,39115,66966.24,289237,445577.72,222843,327020.25,68822,98795.94,36476,57406.83,27664,46789.59,10354,17371.49,11881,19153.22,10214,15170.16,11293,15615.84,5766,7566.62,738945,1125783.08
"ASEAN","Fishery products",0,22470.2,0,20633.42,0,27636.19,0,26937.13,0,34913.86,0,42779.76,0,37060.12,0,45544.35,0,27140.01,0,42711.27,0,35385.23,0,33679.21,0,396891.01
"ASEAN","Fresh and pocessed vegetables and fruit",0,17863.85,0,19513.19,0,24233.48,0,18030.65,0,20014.69,0,22802.16,0,20275.36,0,16800.36,0,12800.95,0,17096.31,0,16452.2,0,20222.79,0,226106.23
"ASEAN","Domestic electrical appliances and parts",0,95971.28,0,107567.27,0,148651.59,0,135718.11,0,119457.04,0,105820.74,0,82851.18,0,76578.18,0,73723.95,0,83930.42,0,77267.86,0,73808.98,0,1181346.74
"ASEAN","Paper",47757,44663.2,56382,54180.57,57043,54837.48,50296,49770.5,52866,52775.39,62421,62805.1,46880,46222.47,55367,51365.95,41226,43024.95,37309,39735.1,44654,44321.52,46190,45797.43,598391,589499.9
"ASEAN","Wood and wooden products",0,33654.06,0,23350.33,0,33376.65,0,37999.91,0,35313.82,0,26939.24,0,29441.87,0,24409.03,0,26320.68,0,32114.22,0,34250.83,0,28400.49,0,365571.41
"ASEAN","Pharmaceutical products",0,11336.53,0,12003.25,0,9518.96,0,12263.1,0,9509.42,0,13278.71,0,12213.13,0,13914.2,0,12183.91,0,16865.14,0,20585.43,0,39147.66,0,182819.69
"ASEAN","Vegetable oil and fat",0,123761,0,56021.01,0,104228.88,0,136249.02,0,77405.81,0,157837.91,0,137742.8,0,158734.15,0,151972.16,0,138289.3,0,135604.16,0,133377.1,0,1511223.51
"ASEAN","Crude oil",0,0,0,0,39000,37814.21,0,0,78819,77963.47,0,0,0,0,0,0,0,0,0,0,0,0,0,0,117819,115777.69
"ASEAN","Electrical wire and cable",0,21275.62,0,17688.26,0,18547.29,0,16336.29,0,18168.94,0,18941.77,0,19312.33,0,24660.38,0,21156.67,0,22342.65,0,24567.72,0,26416.48,0,249414.67
"ASEAN","Other preparations for foodstuff",0,32097.1,0,40651.77,0,34827.75,0,40430.23,0,49276.71,0,44358.32,0,53370.98,0,53295.97,0,46094.35,0,48736.32,0,35589.02,0,37017.36,0,515746.13
"ASEAN","Plastic materials",96559,155650.8,117064,189979.45,114451,193486.2,93918,161250.46,99389,176378.67,105424,185329.78,101947,170052.56,93876,151362.59,97688,143951.93,104931,148936.32,86327,129379.75,82720,117743.18,1194294,1923501.97
"ASEAN","Aromatic substance, cosmetic and cleaning preparations",0,47076.96,0,38296.62,0,50353.31,0,42212.9,0,54583.35,0,49244.87,0,49437.34,0,58168.52,0,62104.89,0,57311.25,0,53056.23,0,51026.34,0,612872.84
"ASEAN","Rubber",226133,262871.31,154026,189988.79,106254,144929.07,98787,128306.81,129648,156748.38,138497,171390.74,131283,163343.09,145250,173374.15,121339,133981.47,124292,143504.72,173629,151606.37,172701,172457.4,1721839,1992502.52
"ASEAN","Cotton",945,1252.59,1120,1547.19,278,399.3,251,299.26,115,169.56,114,150.62,317,628.26,586,1094,262,498.78,423,711.77,361,654.31,535,882.87,5307,8288.57
"ASEAN","Sweets, cookies and cereal preparations",0,22765.63,0,20287.03,0,20310.48,0,19692.41,0,18635.41,0,22246.23,0,22181.75,0,26157.62,0,26476.52,0,35451.32,0,36174.07,0,33926.93,0,304305.63
"ASEAN","Soybeans",2540,1750,1033,808.4,505,410,150,120,1410,1128,510,408,100,83.6,40,34,0,0,5825,4713.88,10040,8121.83,564,455.64,22717,18033.36
"ASEAN","Precious stones, precious metals and their products",0,2927.99,0,4962.87,0,6325.79,0,3855.85,0,5393.74,0,3977.01,0,2822.34,0,2791.49,0,3855.58,0,4461.39,0,2113.76,0,1789.29,0,45277.15
"ASEAN","Motor vehicles, assembled",3069,61610.58,7301,129102.86,8614,155585.17,8784,151873.65,9854,174353.44,10089,165916.91,12196,197609.42,16310,269294.84,16416,267454.16,12054,212899.66,20401,356652.67,19615,340943.21,144703,2483296.66
"United States",NA,0,1057628.75,0,1107065.4,0,1273024.41,0,1163462.13,0,1506984.58,0,1438226.62,0,1144170.35,0,1230287.43,0,1227441.96,0,1176792.87,0,1139234.56,0,1006241.98,0,14470561.08
"United States","Textile fibrics",0,2795.94,0,2233.39,0,2660.1,0,3647.96,0,4362.64,0,3312.2,0,3890.98,0,4248.93,0,4498.86,0,3045.46,0,2607.39,0,3358.69,0,40662.59
"United States","Insecticides and materials",0,1076.54,0,1327.92,0,623.81,0,1001.89,0,953.81,0,843.83,0,1180.63,0,1249,0,622.02,0,1101.68,0,494.31,0,1206.95,0,11682.44
"United States","Animal fodder and materials",0,44075.33,0,40164.92,0,62158.05,0,35782.67,0,95827.95,0,45181.28,0,64069.99,0,64130.97,0,53870.39,0,75535.85,0,63055.88,0,129022.36,0,772875.68
"United States","Glass and glassware",0,4404.86,0,3604.94,0,5077.06,0,4811.69,0,4833.39,0,2920.98,0,4316.43,0,3580.95,0,3154.8,0,2655.93,0,3390.1,0,4112.02,0,46863.2
"United States","Iron, Steel",241,633.82,170,673.79,362,735.41,209,524.7,237,1228.85,458,1315.47,608,2266.57,727,2888.95,944,2564.94,781,2688.05,193,1528.64,523,2140.81,5453,19190.05
"United States","Articles of iron and steel",0,6235.57,0,5255.19,0,5254.37,0,7740.87,0,5979.97,0,5469.15,0,5779.11,0,6153.76,0,6094.5,0,6502.51,0,5588.17,0,8282.83,0,74336.07
"United States","Other base metal products",0,2185.12,0,3170.06,0,2613.2,0,2495.35,0,2639.58,0,2542.9,0,2405.95,0,2921.42,0,2113.44,0,2577.41,0,2400.54,0,2679.29,0,30744.32
"United States","Paper products",0,1330.54,0,1986.3,0,2077.33,0,2033.17,0,1106.07,0,1099.29,0,1342.22,0,452.43,0,677.18,0,740.63,0,855.45,0,557.75,0,14258.43
"United States","Articles of plastics",0,12892.23,0,11998.24,0,13704.73,0,15535.69,0,19071.17,0,15671.43,0,15252.06,0,16694.26,0,13895.28,0,12738.76,0,12755.87,0,13885.42,0,174095.19
"United States","Articles of rubber",0,1648.79,0,1591.71,0,1598.39,0,2052.78,0,1726.53,0,2317.36,0,2121.42,0,2061.27,0,2048.62,0,1780.43,0,2091.33,0,1372.37,0,22411.06
"United States","Other petroleum products",0,1643.63,0,2069.12,0,1359.86,0,1109.3,0,1300.28,0,1501.73,0,1545.55,0,1504.99,0,1294.31,0,1230.21,0,1056.76,0,1221.15,0,16836.93
"United States","Chemical products",0,32319.66,0,29649.39,0,38309.18,0,36706.2,0,34061.2,0,37894.02,0,36243.86,0,42698.75,0,35783.75,0,40958.69,0,37198.77,0,34304.2,0,436127.72
"United States","Dairy products",0,23573.24,0,13147.45,0,17848.28,0,26287.76,0,18070.99,0,31333.76,0,15941.24,0,19189.43,0,12075.71,0,8293.92,0,16582.72,0,17568.59,0,219913.15
"United States","Ores and other minerals",1481,2223.26,7462,4349.3,2986,5938.64,1082,1677.87,1539,2356.18,938,1319.34,1400,1484.14,2128,3176.91,2215,2887.89,2833,2178.04,2450,3258.34,1637,1609.91,28151,32459.85
"United States","Waste iron and steel",45994,24850.81,76520,28650.54,58603,29821.07,84042,46410.03,144847,81077.95,172684,101291.75,35902,18865.04,69880,32446.97,67120,14112.26,22297,8105.62,83294,33722.79,30247,11134.76,891430,430489.65
"United States","Other means of transort and equipments",0,48154.53,0,41701.97,0,18259,0,13446.55,0,39627.09,0,90205.24,0,38120.3,0,56529.55,0,44652.53,0,42596,0,40995.06,0,19728.94,0,494016.81
"United States","Fertilizers",635,756.78,268,642.16,610,733.41,176,268.83,541,1193.91,730,910.66,547,829.25,664,743.01,487,624.87,358,554.21,572,538.38,386,691.28,5974,8486.79
"United States","Auxiliary materials for cigarettes",0,113.05,0,227.42,0,204.5,0,6179.25,0,4642.95,0,3224.44,0,5286.85,0,2745.7,0,3958.68,0,10903.08,0,1550.37,0,6135.82,0,45172.16
"United States","Auxiliary materials for textile, garment, leather, footwear",0,31706.03,0,33712.99,0,39454.55,0,36816.63,0,39439.38,0,40214.31,0,35934.36,0,37640.2,0,36506.99,0,30882.12,0,35748.49,0,26092.02,0,424148.13
"United States","Computers, electronical products and parts",0,257708.53,0,377696.32,0,357582.56,0,286736.11,0,383919.74,0,350789.71,0,196455.62,0,257684.93,0,239233.55,0,266042.22,0,220358.11,0,188850.29,0,3383057.73
"United States","Other Machinery, instrument, accessory",0,79830.63,0,65509.07,0,75968.73,0,70971.35,0,88840.26,0,70441.22,0,77092.01,0,83869.12,0,71684.54,0,95750.28,0,86099.26,0,102044.73,0,968101.25
"United States","Cameras and their parts",0,201.14,0,888.13,0,1058.33,0,5224.14,0,2882.81,0,4311.13,0,192.36,0,1254.27,0,447.07,0,7945.16,0,2937.09,0,785.56,0,28127.23
"United States","Wheat",2869,1030.88,72972,33173.6,1728,652.97,26822,12099.55,1892,781,390,182.83,20430,10135.11,2143,943.25,69820,35813.02,65949,28266.92,6187,2636,5726,2471.55,276928,128186.71
"United States","Parts and accessories for motor",0,3901.99,0,2392.46,0,2669.03,0,2666.37,0,4850.97,0,2915.53,0,6081.23,0,4059.62,0,3909.91,0,3361.43,0,6138.94,0,6910.31,0,49857.84
"United States","Other base metals",221,2003.76,369,2252.63,459,2868.33,590,4698.5,709,7392.21,299,3707.98,379,4231.45,496,4652.55,398,3505.64,130,2363.74,257,2270.2,557,1620.4,4864,41567.44
"United States","Chemicals",0,39718.62,0,24369.98,0,43300.27,0,81343.69,0,47249.94,0,76892.27,0,77537.61,0,47029.9,0,43965.37,0,77470.83,0,64620.26,0,54814,0,678312.79
"United States","Fishery products",0,4729.05,0,2353.37,0,2490.81,0,3615.96,0,2962.14,0,5878.79,0,9666.72,0,12918.92,0,5287.63,0,9429.4,0,11641.47,0,5126.65,0,76100.96
"United States","Fresh and pocessed vegetables and fruit",0,24385.23,0,19570.11,0,32764.84,0,20667.28,0,23008.63,0,24237.49,0,33825.8,0,35053.71,0,31718.58,0,34801.8,0,40299.13,0,35971.03,0,356303.68
"United States","Paper",1031,1350.52,469,707.73,1165,1505.84,1542,1849.4,1029,1696.08,934,1542.76,892,1628.97,1348,1880.19,740,1293.21,669,1097.02,1070,1448.98,548,789.39,11437,16790.14
"United States","Wood and wooden products",0,18795.26,0,15962.4,0,20691.11,0,23407.8,0,30603.22,0,40572.94,0,43535.38,0,41266.23,0,39834.56,0,31103.74,0,26151.43,0,20714.09,0,352638.21
"United States","Pharmaceutical products",0,21325.97,0,52361.27,0,88476.05,0,27878.16,0,12168.9,0,18993.81,0,21404.39,0,22986.23,0,18753.61,0,22799.62,0,22262.82,0,46760.77,0,376171.65
"United States","Vegetable oil and fat",0,224.07,0,442.55,0,685.29,0,222.47,0,398.09,0,410.63,0,533.24,0,407.57,0,270.76,0,380.17,0,367.91,0,537.63,0,4880.44
"United States","Electrical wire and cable",0,1262.94,0,1707.65,0,2214.12,0,2411.44,0,2793.15,0,2790.19,0,2949.21,0,2572.82,0,2832.47,0,1957.65,0,2788.23,0,2398.26,0,28678.18
"United States","Other preparations for foodstuff",0,29278.64,0,27108.86,0,38017.85,0,21317.22,0,27258.14,0,23847.13,0,20708.67,0,24519.1,0,19926.02,0,18790.77,0,8011.34,0,11354.68,0,270138.49
"United States","Plastic materials",21871,47505.23,25280,51975.96,27514,61062.3,25216,52068.97,31464,73898.78,21906,49467.06,22861,53228.81,20648,50021.06,30412,58458.49,28418,45836.44,38452,83156.84,34241,66106.24,328283,692786.23
"United States","Aromatic substance, cosmetic and cleaning preparations",0,4826.45,0,6123.42,0,6350.1,0,6018.7,0,10826.78,0,5841.17,0,7482.76,0,7159.2,0,6969.13,0,5915.41,0,6994.8,0,6308.25,0,80816.24
"United States","Rubber",532,1700.07,841,2537.47,1533,4454.38,475,1813.55,721,2540.95,652,2448.43,346,1415.77,476,1943.77,488,1914.17,687,2352.74,1137,3350.99,893,2478.77,8781,28951.11
"United States","Cotton",19445,54589,27463,78507.8,46766,139133.55,42213,121999.43,57720,163038.79,53681,158763.46,56448,171061.61,52282,160428.08,46777,140276.63,28518,81765.61,10035,26112.83,6460,16120.78,447808,1311797.63
"United States","Sweets, cookies and cereal preparations",0,997.74,0,1541.01,0,1603.06,0,1328.99,0,901.12,0,939.95,0,1201.57,0,2066.04,0,1685.86,0,1124.97,0,1327.8,0,956.16,0,15674.31
"United States","Telephones and their parts",0,70.92,0,20.02,0,564.22,0,80.36,0,73.71,0,143.65,0,124.84,0,0,0,78.6,0,24.93,0,96.25,0,67.37,0,1344.9
"United States","Soybeans",93606,55994.28,39093,24094.68,74379,49801.61,31969,21505.73,93086,67538.18,32214,23896.82,18920,14041.67,22289,16683.89,38504,28733.98,28317,20933.88,24724,17600.92,97690,67303.5,594791,408129.17
"United States","Precious stones, precious metals and their products",0,1100.4,0,1758.57,0,1983.66,0,3154.84,0,1532.37,0,2450.67,0,1650.53,0,3260.05,0,1070.88,0,2475.58,0,1639.59,0,4988.38,0,27065.56
"United States","Motor vehicles, assembled",14,1002.89,415,12945.95,163,5662.19,53,2018.29,190,12336.15,48,2080.91,295,14107.75,225,10481.49,70,5424.66,482,24676.83,405,18809.73,102,3183.33,2462,112730.22
"Korea",NA,0,5095335.71,0,5006427.36,0,6664322.17,0,5598660.76,0,5415542.07,0,4758332.06,0,5620491.98,0,5258477.23,0,4700527.49,0,4885957.99,0,4646877.09,0,4437675.35,0,62088627.32
"Korea","Fibres, not spun",4546,12042.1,4516,11015.09,6075,13608.31,5696,13474.54,4759,12852.03,5189,13075.98,7004,15654.27,5735,12477.16,3512,9409.66,3678,10270.61,4683,11187.86,3303,8617.7,58696,143685.36
"Korea","Petroleum oil, refined",122995,90613.09,225824,191090.58,711026,734078.27,325014,368729.16,355776,417522.41,205511,267466.32,223305,267040.23,193420,198464.52,192412,210342.18,191304,193555.97,132308,131245.62,343767,314842.31,3222662,3384990.71
"Korea","Textile fibrics",0,141316.67,0,131762.2,0,163126.32,0,159194.3,0,181456.16,0,156397,0,148226.94,0,122226.79,0,115970.93,0,139412.16,0,170648.28,0,144236.66,0,1773974.47
"Korea","Insecticides and materials",0,2744.28,0,8120.8,0,2804.23,0,5560.57,0,3057.38,0,1236.41,0,6449.86,0,4579.81,0,881.45,0,10775.42,0,3662.41,0,514.28,0,50386.93
"Korea","Animal fodder and materials",0,3425.94,0,4496.37,0,5549.77,0,5926.02,0,7595.7,0,6552.42,0,6404.37,0,6135.93,0,5596.76,0,5166.6,0,5900.93,0,5707.68,0,68458.53
"Korea","Glass and glassware",0,5334.25,0,4428.14,0,4600.08,0,4284.3,0,3794.28,0,3219.71,0,4108.68,0,2662.89,0,4693.95,0,4338.13,0,5408.54,0,6891.18,0,53764.16
"Korea","Iron, Steel",136472,156032.05,90428,110975.77,112340,158541.79,119186,142745.5,103183,131720.11,116871,148553.04,114921,148738.6,117365,137124.92,111029,113347.66,62777,65674.23,90366,92003.9,56781,57459.78,1231719,1462917.4
"Korea","Articles of iron and steel",0,56979.77,0,47866.26,0,51417.48,0,51554.86,0,52026.18,0,53274.23,0,69535.52,0,63568.79,0,51811.21,0,53899.15,0,66145.66,0,53378.32,0,671457.46
"Korea","Other base metal products",0,15357.68,0,18620.85,0,20967.11,0,20396.66,0,18987.21,0,16654.7,0,18990.9,0,17586.05,0,16814.89,0,19058.15,0,19032.6,0,15928.46,0,218395.32
"Korea","Paper products",0,5037.24,0,4164.78,0,5012.86,0,5784.44,0,6015.1,0,4761.57,0,4680.91,0,3933.58,0,3570.12,0,4518.38,0,6148.38,0,5030.39,0,58657.8
"Korea","Articles of plastics",0,125529.16,0,125053.16,0,129562.21,0,137994.49,0,128364.01,0,121571.97,0,140150.93,0,128403.93,0,105908.1,0,114942.22,0,119371.68,0,101472.51,0,1478324.42
"Korea","Articles of rubber",0,7252.32,0,6815.97,0,8282.84,0,8581.13,0,9188.28,0,8299.37,0,9789.51,0,7599.11,0,7651.37,0,7555.05,0,10247,0,8722.41,0,99984.4
"Korea","Other petroleum products",0,22791.39,0,26100.94,0,32315.47,0,29215.29,0,34550.04,0,23867.53,0,27562.36,0,18259.9,0,26317.45,0,18330.2,0,27539.11,0,24771.03,0,311620.76
"Korea","Chemical products",0,114963.87,0,108611.66,0,136310.12,0,97574.58,0,80685.31,0,72466.4,0,83948.88,0,79274.39,0,66402.8,0,71666.24,0,70881.85,0,62691,0,1045477.16
"Korea","Dairy products",0,2077.33,0,2037.46,0,1246.41,0,2198.03,0,2010.33,0,1898.04,0,1978.81,0,2120.88,0,1572.95,0,1861.33,0,1105.85,0,2261.8,0,22369.26
"Korea","Ores and other minerals",4879,2181.1,4056,2307.85,5159,2395.22,5095,3150.64,5102,4342.48,4330,4120.43,4221,3639.23,8849,3735.51,3993,1728.93,7853,3280.68,3436,2429.96,2749,743.37,59722,34055.43
"Korea","Other means of transort and equipments",0,5653.91,0,313.67,0,5800.61,0,29605.35,0,2891.84,0,5849.37,0,15677.55,0,264.76,0,7344.14,0,28118.73,0,10243.25,0,1320.03,0,113083.26
"Korea","Fertilizers",14873,6840.87,21206,14388.88,3239,1341.31,17021,11095.27,30444,18754.59,3319,1199.52,3008,1350.52,2365,1002.11,2149,1337.72,10049,5655.91,3860,1835.81,2207,1199.58,113740,66002.14
"Korea","Auxiliary materials for textile, garment, leather, footwear",0,42596.02,0,41895.16,0,48479.99,0,55882.29,0,71579.22,0,60854.6,0,58116.02,0,44500.22,0,40181.97,0,45875.45,0,52988.59,0,42911.38,0,605860.97
"Korea","Auxiliary materials for medicaments",0,190.98,0,98.75,0,303.5,0,227.44,0,92.09,0,661.89,0,56.77,0,606.38,0,123.41,0,334.95,0,467.74,0,381.73,0,3545.69
"Korea","Computers, electronical products and parts",0,1960863.63,0,1880264.86,0,2585340.62,0,2112254.24,0,1988221.01,0,1787160.82,0,2020777.76,0,2225539.55,0,1713285,0,1736345.23,0,1430409.45,0,1750403.55,0,23190865.79
"Korea","Other Machinery, instrument, accessory",0,512863.98,0,520817.13,0,639150.19,0,628240.64,0,564405.78,0,512329,0,576341,0,434020.01,0,440957.12,0,438012.06,0,491207.85,0,485062.08,0,6243406.87
"Korea","Cameras and their parts",0,8387.83,0,9708.52,0,11435.09,0,9751.35,0,9335.53,0,7954.8,0,7488.59,0,8299.87,0,8953.82,0,8273.77,0,10089.44,0,8995.72,0,108674.4
"Korea","Parts and accessories for motor",0,107847.19,0,118938.2,0,121541.38,0,118111.2,0,181172.6,0,110674.46,0,120380.93,0,123014.76,0,121296.74,0,129678.78,0,137364.07,0,113641.28,0,1503661.65
"Korea","Other base metals",32995,146519.55,34943,155223.53,42006,171722.17,38153,167328.66,40303,182043.3,28457,128693.08,33534,140154.57,35146,125829.14,26320,100644.85,28838,107633.17,28400,101242.99,24913,80231.85,394008,1607266.91
"Korea","Liquefied Petroleum Gas",175,238.25,201,204.17,199,281.38,423,613.11,120,197.44,88,90.25,316,486.52,143,250.88,111,177.42,597,384.88,105,202.89,390,270.69,2868,3397.92
"Korea","Chemicals",0,39146.22,0,64998.3,0,58064.68,0,61686.84,0,70513.28,0,51887.31,0,57119.79,0,43045.33,0,33925.81,0,41772.68,0,41822.17,0,31775.05,0,595757.52
"Korea","Fishery products",0,9909.59,0,6118.74,0,15560.19,0,12993.56,0,7085.95,0,12463.29,0,7568.12,0,5243.23,0,3366.97,0,9679.04,0,5943.35,0,8558.66,0,104490.73
"Korea","Fresh and pocessed vegetables and fruit",0,7131.72,0,3558.06,0,6519.02,0,5494.57,0,3539.31,0,2136.27,0,3849.3,0,4251.82,0,4263.35,0,6087.46,0,7290.91,0,8137.71,0,62259.54
"Korea","Domestic electrical appliances and parts",0,4543.18,0,4706.48,0,5600.29,0,6903.88,0,7549.55,0,4968.59,0,5156.02,0,4882.29,0,5687.99,0,4122.07,0,4651.41,0,4320.09,0,63091.9
"Korea","Paper",22775,22845.18,24351,25234.09,28111,29774.69,19325,20894.61,28663,28266.3,20877,21850,24278,25533.76,23755,25423.11,17632,17469.6,21185,19808.65,23256,20336.31,21040,17704.6,275248,275140.95
"Korea","Wood and wooden products",0,433.22,0,2415.17,0,2437.59,0,1558.03,0,3749.54,0,1488.6,0,2921.54,0,1573.36,0,969.35,0,788.78,0,2617.56,0,820.21,0,21772.99
"Korea","Pharmaceutical products",0,14711.55,0,10780.99,0,15299.01,0,45068.3,0,21587.68,0,12818.16,0,14855.95,0,11336.95,0,14545.75,0,19004.57,0,17857.79,0,26835.6,0,224702.36
"Korea","Vegetable oil and fat",0,566.9,0,408.57,0,452.36,0,414.71,0,580.94,0,504.63,0,671.46,0,763.17,0,951.08,0,715.88,0,661.59,0,739.23,0,7430.56
"Korea","Electrical wire and cable",0,20477.59,0,19460.02,0,21554.1,0,22088.43,0,25582.74,0,20675.84,0,25074.39,0,22368.33,0,23012.72,0,26220.12,0,27871.14,0,27254.69,0,281640.17
"Korea","Other preparations for foodstuff",0,5411.49,0,4306.79,0,6420.54,0,6436.98,0,7582.26,0,7023.97,0,6157.36,0,6229.72,0,5556.04,0,5973.18,0,6271.87,0,7819.84,0,75190.1
"Korea","Plastic materials",137349,227815.49,182125,288825.16,169019,286234.08,144661,267555.43,124577,235585.18,122477,216344.91,145911,252912.65,142457,229088.92,118351,180383.04,127270,196071.24,119505,189582.75,79719,128441.23,1613421,2698840.13
"Korea","Aromatic substance, cosmetic and cleaning preparations",0,9101.65,0,7186.4,0,11143.21,0,8398.29,0,8553.96,0,10654.91,0,8445.7,0,10160.68,0,11011.72,0,12923.59,0,13893,0,12539.78,0,124012.94
"Korea","Rubber",14706,29874.95,15417,29845.88,18495,35800.24,17227,36350.77,17905,36993.05,12394,27120.88,9073,22658.58,10346,23198.92,8500,18271.8,9337,20203.46,9437,19843.04,9327,16454.82,152164,316616.46
"Korea","Cotton",481,705.85,146,297.01,269,427.43,193,405.86,232,535.83,124,303.57,253,488.25,178,392.37,56,239.02,98,174.25,178,361.67,121,293.63,2329,4624.78
"Korea","Sweets, cookies and cereal preparations",0,3655.35,0,2741.5,0,3890.23,0,3665.33,0,3842.28,0,3977.23,0,4523.44,0,4198.41,0,4593.34,0,4748.34,0,4981.83,0,5060.19,0,49877.52
"Korea","Telephones and their parts",0,1034075.78,0,883850.11,0,969078.3,0,769097.5,0,704112.83,0,743923.88,0,1151206.82,0,990838.65,0,1108791.91,0,1203297.22,0,1188472.6,0,747173.96,0,11493919.61
"Korea","Precious stones, precious metals and their products",0,8422.44,0,3538.08,0,7432.25,0,10283,0,10510.43,0,6515.39,0,9215.61,0,6954.96,0,6752.92,0,5773.08,0,6158.8,0,6299.89,0,87856.89
"Korea","Motor vehicles, assembled",11,352.23,0,0,141,8386.41,9,639.23,5,1100.36,1,219,54,4733.04,8,1150.7,37,2944.99,22,1913.07,13,2061.81,48,3617.46,349,27118.35
"Japan",NA,0,1674109.22,0,1889117.26,0,2255263.34,0,2097428.78,0,1942314.6,0,2179881,0,1840002.07,0,2107671.15,0,1864489.61,0,1915488.95,0,1731092.01,0,1876964.57,0,23373822.6
"Japan","Fibres, not spun",297,2238.19,650,4508.35,549,4214.35,649,2760.1,496,4589.79,979,6924.42,981,6607.3,954,6814.71,380,4137.51,350,3498.35,350,4845.4,753,5481.63,7388,56620.14
"Japan","Petroleum oil, refined",0,0,31336,29836.29,31521,34912.93,27616,34040.72,0,0,0,0,0,0.03,0,0,0,0,0,0,0,0,0,0.18,90473,98790.17
"Japan","Textile fibrics",0,52504.99,0,53933.53,0,56287.85,0,55312.59,0,58148,0,62315.15,0,59235.23,0,50248.5,0,52448.08,0,60603.13,0,58911.14,0,62977.59,0,682925.84
"Japan","Insecticides and materials",0,2120.52,0,3184.81,0,1645.24,0,1849.04,0,4361.61,0,3214.03,0,2067.51,0,2438.59,0,2088.31,0,2539.12,0,1331.78,0,2038.39,0,28879.02
"Japan","Animal fodder and materials",0,45.43,0,267.04,0,320.28,0,0,0,124.77,0,345.2,0,657.84,0,537.66,0,151.14,0,301.27,0,237.97,0,141.39,0,3130.04
"Japan","Glass and glassware",0,9563.7,0,7780.02,0,9309.43,0,11737.47,0,11509.58,0,15473.09,0,16942.76,0,18935.94,0,18084.29,0,20937.69,0,13046.92,0,20209.11,0,173530.05
"Japan","Coal",53076,26117,29149,16656.79,20916,10063.23,0,0,62690,39671.66,0,0,0,0,32995,11604.24,26899,9811.31,0,0,33036,11871.17,50918,18892.91,309679,144688.33
"Japan","Iron, Steel",156103,154038.87,124118,130563.28,189731,178018.61,208931,206001.71,191739,192916.63,154178,167883.98,124140,132501.41,134453,131011.07,97484,93082.95,146556,123116.91,180621,135688.03,207107,150464.36,1915161,1795287.84
"Japan","Articles of iron and steel",0,38070.73,0,43763.69,0,47148.65,0,41186.13,0,38885.04,0,45112.66,0,41905.76,0,41118.52,0,36726.51,0,41439.3,0,44233.69,0,42836.74,0,502427.48
"Japan","Other base metal products",0,8063.33,0,8950.67,0,9824.48,0,11164.67,0,8278.58,0,9787.03,0,9142.47,0,9885.57,0,9241.96,0,10568.19,0,10731.98,0,11805.42,0,117444.38
"Japan","Paper products",0,3468.22,0,3941.76,0,4102.4,0,4074.17,0,3779.76,0,4490.74,0,4621.51,0,3964.9,0,3613.26,0,4635.92,0,3866.66,0,4505.79,0,49065.14
"Japan","Articles of plastics",0,57199.31,0,66167.73,0,67657.45,0,63601.3,0,59326.62,0,69880.49,0,67454.15,0,70089.6,0,64809.41,0,76122.54,0,69436.2,0,70868.45,0,802613.31
"Japan","Articles of rubber",0,12119.32,0,13172.91,0,12879.7,0,11534.26,0,12614.65,0,14242.06,0,12399.82,0,13982.27,0,12780.18,0,12787.06,0,12837.17,0,12733.42,0,154082.86
"Japan","Other petroleum products",0,1769.32,0,2363.43,0,2887.55,0,2785.13,0,1829.3,0,3019.2,0,2656.22,0,2737.98,0,2216.21,0,2086.68,0,2474,0,3119.14,0,29944.22
"Japan","Chemical products",0,43335.58,0,55281.88,0,57946.5,0,47528.29,0,51319.59,0,63832.97,0,56505.13,0,63253.68,0,57242.61,0,56314.95,0,52476.78,0,56225.64,0,661263.65
"Japan","Dairy products",0,4421.72,0,6359.7,0,5279.8,0,4530.89,0,5173.88,0,7227.15,0,4404.3,0,5782.08,0,5033.09,0,4865.22,0,4582.93,0,6821.49,0,64482.31
"Japan","Ores and other minerals",1256,562.77,1150,1036.69,1345,1702.62,748,1186.78,1028,555.49,1196,828.72,822,577.89,1158,1180.51,846,886.17,1279,1103.92,834,401.71,767,697.45,12429,10720.77
"Japan","Waste iron and steel",27284,14855.93,126950,65220.01,95967,53065.87,162445,96688.38,151270,92819.19,146847,86308.23,59043,30733.54,121172,49601.82,123476,49284.73,166552,68289.88,56915,22828.19,70298,28034.21,1308219,657730.03
"Japan","Other means of transort and equipments",0,1955.07,0,1770.48,0,68901.16,0,18120.1,0,37914.58,0,47905.39,0,2497.81,0,2774.32,0,4332.8,0,31936.2,0,32880.92,0,8810.98,0,259799.86
"Japan","Fertilizers",24878,4381.02,36987,7713.87,59140,13123.69,23833,3871.36,19343,1516.26,25676,2240.8,25115,2508.32,46351,6864.18,29490,4042.69,28004,3816.22,29801,3910.51,29375,3961.04,377993,57950.03
"Japan","Auxiliary materials for tobacco",0,0,0,0,0,0,0,0,0,0,0,0,0,0,0,0,0,0,0,0,0,107.71,0,0,0,107.71
"Japan","Auxiliary materials for textile, garment, leather, footwear",0,18343.61,0,19331.16,0,21007.46,0,27164.91,0,26019.77,0,24632.45,0,21205.89,0,21109.84,0,20841.08,0,27941.39,0,21950.08,0,19241.99,0,268789.68
"Japan","Computers, electronical products and parts",0,497271.09,0,541514.43,0,712465.01,0,615735.48,0,525133.6,0,622161.53,0,537746.7,0,750683.19,0,682827.88,0,541730.93,0,422049.3,0,527445.11,0,6976764.31
"Japan","Other Machinery, instrument, accessory",0,311824.19,0,332585.7,0,374669.96,0,372677.97,0,330438.78,0,422528.27,0,356620.79,0,361143.23,0,333683.47,0,350577.02,0,360314.63,0,381365.22,0,4288429.28
"Japan","Cameras and their parts",0,12535.02,0,14294.95,0,18522.02,0,18521.94,0,8532.94,0,11258,0,18117.26,0,19760.98,0,20797.16,0,23440.98,0,10866.99,0,14666.93,0,191315.23
"Japan","Parts and accessories for motor",0,55638.48,0,63304.64,0,87559.29,0,86043.42,0,64340.18,0,57351.77,0,77976.82,0,83713.17,0,62799.67,0,75392.89,0,81174.13,0,65007.53,0,860302.03
"Japan","Other base metals",8788,54253.9,7617,49612.53,13398,44002.09,6315,37893.3,6531,54060.19,8634,66309.73,6546,60068.83,6678,48202.17,5629,42498.24,5401,43129.96,14542,66382.53,6506,39361.78,96585,605775.31
"Japan","Chemicals",0,46505.69,0,68110.99,0,62193.48,0,52827.93,0,49800.81,0,57301.47,0,44206.67,0,48215.86,0,38555.83,0,35478.39,0,38824.89,0,57365.32,0,599387.38
"Japan","Fishery products",0,16103.53,0,13280.01,0,18685.52,0,13718.45,0,12879.63,0,16303.91,0,16783.31,0,14530.88,0,9070.67,0,9878.38,0,11259.62,0,15937.27,0,168431.22
"Japan","Domestic electrical appliances and parts",0,1605.57,0,2186.12,0,1557.28,0,2421.04,0,1831.55,0,2220.21,0,1959.15,0,2160.4,0,1981.12,0,3190.41,0,2292.65,0,2993.58,0,26399.13
"Japan","Paper",24821,19988.13,25676,20766.52,28697,22111.58,31338,25527.72,30260,24695.98,27014,23870.44,27634,23730.62,23070,20476.94,20098,17674.04,20912,19760.3,20493,19829.71,17072,17365.12,297085,255797.16
"Japan","Wood and wooden products",0,563.24,0,491.27,0,456.01,0,888.27,0,722.26,0,534.74,0,836.41,0,748.26,0,460.56,0,502.43,0,505.16,0,693.55,0,7402.21
"Japan","Pharmaceutical products",0,12892.2,0,3774.04,0,13306.02,0,10115.29,0,1947.56,0,2642.04,0,5078.86,0,1734.77,0,3261.3,0,1821.14,0,4419.17,0,7594.98,0,68587.42
"Japan","Electrical wire and cable",0,13060.89,0,16179.29,0,13386.35,0,13050.33,0,11098.29,0,12968.39,0,12777.23,0,14117.66,0,12794.42,0,15262.6,0,13559.57,0,13234.97,0,161490.03
"Japan","Other preparations for foodstuff",0,2995.62,0,3509.39,0,3828.31,0,3768.4,0,4449.22,0,4366.21,0,3599.19,0,3495.47,0,3906.88,0,4118.54,0,4689.97,0,4900.45,0,47627.7
"Japan","Plastic materials",24114,51572.54,27220,69215.54,22544,60511.01,23617,53048.78,21862,51740.86,27331,67642.61,26635,57852.79,23986,57198.73,22217,47419.41,20435,48309.6,21534,52198.48,17222,42523.06,278717,659233.45
"Japan","Aromatic substance, cosmetic and cleaning preparations",0,4092.59,0,4667.45,0,5559.54,0,5033.32,0,4881.88,0,5796.83,0,6771.29,0,5528.7,0,4449.31,0,6697.59,0,4690.81,0,6693.48,0,64862.83
"Japan","Rubber",5157,14496.87,6361,15876.62,6902,17850.96,4137,12633.1,3502,12249.66,5059,15945.34,3838,11970.75,4035,13979.86,5099,17049.39,4416,14752.93,4039,13660.86,3548,12567.26,56093,173033.64
"Japan","Telephones and their parts",0,5927.86,0,2470.92,0,5241.95,0,5553.42,0,6376.4,0,9070.89,0,7304.69,0,5884.53,0,4544.72,0,1864.41,0,3622.25,0,1810.48,0,59672.57
"Japan","Precious stones, precious metals and their products",0,4070.44,0,4718.62,0,5994.04,0,6170.33,0,5185.33,0,5316.89,0,5999.89,0,5749.11,0,4309.45,0,4961.48,0,4786.87,0,4442.18,0,61704.69
"Japan","Motor vehicles, assembled",284,13615.79,197,9811.47,344,15791.98,303,12809.86,117,11009.66,233,12845.77,181,10054.51,324,16101.51,64,4309.25,76,7900.14,119,9889.89,166,7155.48,2408,131295.35
"Australia",NA,0,683546.07,0,558090.09,0,882449.44,0,818888.67,0,908109.72,0,1381011.81,0,997480.71,0,789593.88,0,754459.06,0,844593.95,0,833097.04,0,693361.59,0,10144682.08
"Australia","Animal fodder and materials",0,4446,0,3213.45,0,5631.66,0,2994.07,0,3385.7,0,5174,0,4687.27,0,21241.37,0,2879.38,0,2317,0,2725.52,0,5360.35,0,64055.81
"Australia","Coal",1040450,241810.39,1180555,263636.94,1274225,370079.9,1038894,387833.28,1409664,398109.5,2752042,820420.83,1808489,507650.22,1227279,272712.76,839083,149524.7,1659823,319040.69,1364540,277960.91,1423110,287492.28,17018154,4296272.45
"Australia","Iron, Steel",5934,4270.86,13,36.94,143,169.41,610,375.84,23888,19893.26,1479,1484.87,1453,1062.26,6649,4508.49,24938,18525.05,1625,968.72,31636,17909.37,1363,699.53,99731,69904.64
"Australia","Articles of iron and steel",0,443.97,0,326.9,0,80.96,0,182.06,0,309.04,0,185.39,0,720.54,0,198.17,0,377.2,0,534.33,0,1280.67,0,1016.78,0,5656.04
"Australia","Other petroleum products",0,696.73,0,1308.5,0,1872.88,0,1151.09,0,1175.44,0,1547.99,0,1429.44,0,1465.1,0,1968.53,0,922.57,0,1345.96,0,1145.03,0,16029.33
"Australia","Chemical products",0,2701.92,0,4546.06,0,6326.93,0,4990.37,0,5317.13,0,6719.84,0,7291.1,0,4137.66,0,4644.06,0,5480.98,0,2519.69,0,1839.17,0,56514.95
"Australia","Dairy products",0,9920.54,0,7839.4,0,10015.52,0,6730.65,0,7082.8,0,15871.3,0,6534.12,0,8137.67,0,7870.63,0,6413.38,0,4992.81,0,5966.93,0,97375.8
"Australia","Ores and other minerals",1147572,113012.65,534542,84685.53,1346293,180905.92,730500,118373.33,895064,127626.7,1275921,159213.85,535108,70586.05,543615,42018.5,729881,71837.27,484956,50247.79,493421,43797.74,506297,50524.04,9223170,1112829.42
"Australia","Waste iron and steel",5884,2914.8,30892,16354.34,3584,1723.55,44989,24807.39,74082,43071.3,57025,35063.26,6497,3493.65,5104,2048.69,22089,8538.49,29794,11403.68,1852,689.35,32106,12480.5,313898,162589.04
"Australia","Auxiliary materials for textile, garment, leather, footwear",0,906.61,0,991.15,0,1189.08,0,993.43,0,2293.15,0,2476.27,0,2665.41,0,1153.89,0,2780.93,0,1223.33,0,2290.56,0,2294.55,0,21258.41
"Australia","Other Machinery, instrument, accessory",0,2281.59,0,2276.03,0,2813.38,0,3058.91,0,2122.48,0,3164.12,0,1778.15,0,3625.43,0,2682.08,0,2033.16,0,3469.88,0,5396.4,0,34701.65
"Australia","Wheat",220598,79441.77,110827,39611.84,365570,135510.89,249511,98178.32,291196,109279.38,269623,100800.54,302984,124532.93,288538,115031.28,297543,119977.01,90934,38778.96,173428,69897.04,137327,53090.41,2798079,1084130.42
"Australia","Other base metals",16006,66704.34,12263,46924.43,16494,61797.36,13547,66461.05,18802,88758.51,14731,57813.18,14622,59828.92,11431,37628.55,11040,35987.87,12687,45716.61,13681,48337.48,13328,43721.88,168632,659680.22
"Australia","Liquefied Petroleum Gas",0,0,0,0,0,0,0,0,0,0,0,0,0,0,0,0,0,0,0,0,305,231.6,0,0,305,231.6
"Australia","Chemicals",0,249.97,0,172.04,0,523.85,0,193.74,0,262.42,0,125.52,0,141.7,0,281.59,0,274.96,0,193.52,0,280.24,0,409.86,0,3109.46
"Australia","Fresh and pocessed vegetables and fruit",0,17082.33,0,5724.87,0,14685.54,0,11791.26,0,21705.95,0,11252.3,0,7897.77,0,14538.79,0,20540.98,0,15006.92,0,10614.19,0,7374.29,0,158215.26
"Australia","Wood and wooden products",0,654.93,0,737.57,0,780.45,0,1826.64,0,1210.06,0,867.97,0,896.03,0,402.28,0,465.65,0,3904.94,0,378.26,0,557.41,0,12682.24
"Australia","Pharmaceutical products",0,3234.23,0,2159.53,0,5993.76,0,4916.56,0,1570.42,0,2931.58,0,2018.86,0,10666.03,0,3842.7,0,2427.88,0,2278.33,0,6694.12,0,48734.04
"Australia","Vegetable oil and fat",0,1018.75,0,112.9,0,657.19,0,901.54,0,873.92,0,884.25,0,796.42,0,2131.27,0,1499.88,0,738.39,0,1535.79,0,1587.35,0,12737.72
"Australia","Other preparations for foodstuff",0,1491.2,0,1472.37,0,2014.54,0,1732.36,0,1250.14,0,2931.86,0,1865.7,0,1807.4,0,2025.45,0,1213.13,0,1541.46,0,2240.12,0,21585.78
"Australia","Plastic materials",216,695.68,125,328.53,301,797.51,10,56.9,101,328.02,152,385.07,374,846.18,49,280.99,293,601.17,377,503.87,623,741.87,458,590.02,3079,6155.86
"Australia","Cotton",26382,67465.15,10697,27562.84,6699,16874.11,1856,5674.18,2149,6397.51,9257,28189.93,26026,80712.64,56594,181084.97,76758,238213.65,82702,256816.29,81334,248386.65,41991,117189.05,422445,1274567.01
"Australia","Precious stones, precious metals and their products",0,859.81,0,1480.65,0,1813,0,2060.56,0,1452.87,0,1452.17,0,1547.96,0,2080.85,0,1954.05,0,1993.69,0,1993.85,0,2318.5,0,21008.01
"China, PR",NA,0,10758837.4,0,7581914.48,0,9088433.18,0,10652341.18,0,11523887.45,0,11518710.83,0,10393860.86,0,10229192.41,0,9411102.74,0,8847610.2,0,9456676.27,0,8404059.76,0,117866626.81
"China, PR","Fibres, not spun",54771,135111.06,44450,111142.88,59320,141941.67,49586,132633.16,62766,156427.84,59858,161868.59,55678,141268.43,55046,123795.84,45788,103887.33,43795,92763.67,54615,108951.97,52739,99850.28,638412,1509642.77
"China, PR","Petroleum oil, refined",39429,32451.82,60054,52422.99,69290,77720.35,70201,73614.98,74992,85448.2,77197,103304.11,61784,66226.77,99015,105561.22,75161,79268.79,40637,35137.79,161532,141548.52,191976,160896.79,1021268,1013602.4
"China, PR","Textile fibrics",0,960806.49,0,528259.65,0,759864.3,0,942808.92,0,1050369.02,0,854056.37,0,697257.14,0,735637.1,0,668482.18,0,632161.77,0,724077.94,0,621038.97,0,9174819.91
"China, PR","Insecticides and materials",0,44367.95,0,16325.97,0,38780.99,0,34813.48,0,52598.59,0,79716.02,0,54984.58,0,50264.05,0,33316.05,0,39239.65,0,43550.35,0,29441.33,0,517399.03
"China, PR","Animal fodder and materials",0,19457.68,0,10511.64,0,22439.14,0,23865.66,0,28058.93,0,28209.01,0,20298.27,0,21733.47,0,16139.73,0,22790.39,0,22123.53,0,21681.62,0,257309.12
"China, PR","Glass and glassware",0,92197.28,0,62603.14,0,71456.5,0,83816.35,0,90116.81,0,116529.6,0,114933.33,0,106928.61,0,67335.91,0,69958.96,0,72311.45,0,72531.46,0,1020719.44
"China, PR","Coal",111229,52953.35,63617,31851.2,86978,45128.23,115126,60274.74,97194,60490.35,39601,21590.66,45201,23640.01,46047,20501.61,10817,4567.06,15277,5899,4891,2012.18,11721,4770.31,647699,333678.74
"China, PR","Iron, Steel",331324,354562.69,307076,295629.97,340598,348652.81,437994,451590.73,755877,763059.58,782929,793454.74,459964,469639.18,351699,348050.96,223262,224655.65,315730,268211.95,383862,322451.82,406474,324279.93,5096789,4964240.06
"China, PR","Articles of iron and steel",0,281249.04,0,194028.81,0,223400.06,0,241624.84,0,282428.8,0,324948.31,0,326232.32,0,333654.57,0,303713.37,0,294487.22,0,320753.81,0,254578.58,0,3381099.77
"China, PR","Other base metal products",0,115809.52,0,73670.02,0,101632.93,0,127414.28,0,124958.24,0,145718.02,0,143898.3,0,130581.99,0,116334.09,0,110950.57,0,123402.98,0,110799.62,0,1425170.6
"China, PR","Paper products",0,56019.19,0,30297.68,0,42792.31,0,58498.55,0,57917.35,0,54219.37,0,49496.21,0,49546.78,0,47503.22,0,42264.78,0,45721.01,0,37797.55,0,572074.07
"China, PR","Articles of plastics",0,398883.76,0,255299.86,0,327931.68,0,401527.2,0,439252.37,0,468919.89,0,401798.03,0,367677.39,0,338282.76,0,331545.28,0,363321.21,0,333453.76,0,4427893.24
"China, PR","Articles of rubber",0,41155.54,0,22596.49,0,29950.04,0,41296.63,0,43883.99,0,44516.61,0,39024.85,0,37472.35,0,36141.39,0,36600,0,38360.21,0,35065.07,0,446063.21
"China, PR","Other petroleum products",0,19215,0,15700.22,0,19276.24,0,20676.5,0,23135.71,0,24162.24,0,16514.62,0,14332.51,0,14006.69,0,9392.35,0,15369.74,0,16612.69,0,208394.55
"China, PR","Chemical products",0,319655.78,0,249303.33,0,320588.04,0,296862.49,0,330911.21,0,311082.61,0,323764.39,0,319079.87,0,300361.55,0,309568.19,0,289355.33,0,274449.08,0,3644981.9
"China, PR","Ores and other minerals",33720,9805.85,18977,4807.55,24667,5884.11,30400,8336.91,38186,9341.82,199021,51054,37051,8838.05,178339,37376.62,24567,5373.63,161930,31673.26,46838,7301.03,33191,5646.94,826887,185439.82
"China, PR","Other means of transort and equipments",0,17773.89,0,6902.61,0,6054.16,0,20523.88,0,11301.8,0,17487,0,10983.65,0,15917.81,0,32526.8,0,8370.42,0,12950.56,0,29736.04,0,190528.68
"China, PR","Fertilizers",137430,57568.34,88761,35770.41,136237,52064.74,155874,62422.84,182155,78689.64,137701,58226.88,107651,42131.77,110198,47398.8,151541,66937.17,192751,84120.43,182376,80631.49,125486,63790.8,1708161,729753.35
"China, PR","Auxiliary materials for cigarettes",0,5521.58,0,544.14,0,2301.21,0,2407.73,0,2978.72,0,9483.35,0,9306.39,0,4823.34,0,2250.8,0,3997.84,0,5561.52,0,8856.69,0,58033.35
"China, PR","Auxiliary materials for textile, garment, leather, footwear",0,318330.85,0,194374.29,0,283125.29,0,372873.21,0,347411.39,0,304531.98,0,275476.62,0,292407.9,0,279034.62,0,230282.61,0,245323.54,0,230593.18,0,3373765.52
"China, PR","Auxiliary materials for medicaments",0,22156.76,0,13965.12,0,26664.55,0,26709.77,0,33738.53,0,40281.45,0,29142.29,0,27167.58,0,22897.21,0,28954.88,0,31742.68,0,31868.55,0,335289.42
"China, PR","Computers, electronical products and parts",0,2293668.81,0,1848374.66,0,1958429.2,0,2100825.41,0,2160600.46,0,2138104.21,0,2139455.07,0,2019183.41,0,2086134.49,0,1856051.86,0,1871126.77,0,1593505.47,0,24065459.87
"China, PR","Other Machinery, instrument, accessory",0,2204957.46,0,1451297.32,0,1647815.35,0,1981681.07,0,2271292.07,0,2358520.68,0,2316547.79,0,2394185.81,0,2104654.5,0,1766741.68,0,2079018.18,0,1714732.27,0,24291444.24
"China, PR","Cameras and their parts",0,88294.7,0,66294.7,0,73523.43,0,85452.64,0,83422.52,0,94188.97,0,97839.76,0,115687.05,0,119873.96,0,100149.56,0,92117.94,0,102477.59,0,1119322.87
"China, PR","Parts and accessories for motor",0,94969.85,0,78786.91,0,90166.73,0,101539.12,0,136610.93,0,135077.93,0,111753,0,118172.76,0,96694.25,0,107223.8,0,106600.59,0,73721.9,0,1251317.83
"China, PR","Other base metals",40643,191221.26,34560,192993.21,42993,194778.11,43964,233044.87,44966,232494.27,53109,282230.73,51419,261743.04,45040,218505.1,37072,185587.53,38255,177086.5,44766,217847.98,44016,190992.77,520803,2578525.42
"China, PR","Liquefied Petroleum Gas",25328,20850.59,24539,21109.7,27368,27601.71,26030,26971.37,26079,24885.22,24456,21007.63,25214,20459.46,29942,22962.25,28486,20599.84,27430,18467.97,31007,21925.56,33917,24845.75,329796,271687.1
"China, PR","Chemicals",0,299627.52,0,214783.26,0,308708.78,0,306267.38,0,349495.57,0,366350.82,0,304458.45,0,253926.95,0,225617.34,0,230568.89,0,249111.09,0,225375.88,0,3334291.99
"China, PR","Fishery products",0,16725.03,0,11502.13,0,15251.26,0,17525.72,0,25707.38,0,23349.68,0,23476.02,0,17198.45,0,15951.54,0,13460.65,0,17714.13,0,15540.53,0,213402.57
"China, PR","Fresh and pocessed vegetables and fruit",0,72869.75,0,23445.31,0,43965.18,0,60463.91,0,55143.34,0,59121.88,0,72929.56,0,84895.71,0,89102.9,0,103167.35,0,100089.37,0,93034.67,0,858228.98
"China, PR","Domestic electrical appliances and parts",0,106741.47,0,64702.34,0,86524.02,0,113945.76,0,96762.66,0,87606.05,0,66708.06,0,70538.46,0,66639.48,0,67000.94,0,76813.18,0,63389.79,0,967372.25
"China, PR","Paper",50186,55714.12,40864,44646.1,52992,57386.07,57489,64199.32,66927,75782.9,63644,75343.51,49152,59735.88,45479,54352.59,47376,51890.13,50229,53251.08,56784,58210.48,58841,58096.88,639963,708609.11
"China, PR","Wood and wooden products",0,97416.79,0,64061.39,0,81900.44,0,106794.2,0,115287.54,0,108333.29,0,71823.06,0,60382.26,0,47012.7,0,45876.54,0,53768.57,0,51990.91,0,904647.73
"China, PR","Pharmaceutical products",0,9444.68,0,4196.64,0,7332.81,0,4579.89,0,5548.77,0,6214.76,0,3902.23,0,2397.18,0,5439.94,0,2123.08,0,7107.37,0,8168.24,0,66455.65
"China, PR","Vegetable oil and fat",0,1855.74,0,1177.31,0,1400.7,0,1902.95,0,2047.42,0,2467.29,0,1636.73,0,1933.42,0,868.05,0,1622.72,0,1563.34,0,1691.06,0,20166.77
"China, PR","Electrical wire and cable",0,135566.89,0,99111.96,0,105210.23,0,145693.9,0,147688.04,0,131966.88,0,126812.11,0,124314.52,0,115665.07,0,108900.28,0,125665.34,0,127081.46,0,1493676.74
"China, PR","Other preparations for foodstuff",0,7602.5,0,3702.63,0,5897.2,0,8645.36,0,9373.09,0,11462.12,0,10611.9,0,9395.52,0,8333.34,0,6599.2,0,7957.77,0,8183.17,0,97763.86
"China, PR","Plastic materials",118544,238270.18,83288,172486.7,103914,218928.55,109028,226862.33,127498,256799.89,136499,272304.32,104939,216665.35,84467,174699.33,75524,153616.75,84649,155130.1,101024,179271.98,76537,140740.24,1205911,2405775.77
"China, PR","Aromatic substance, cosmetic and cleaning preparations",0,8110.97,0,3976,0,8191.48,0,9273.71,0,8431.95,0,10027.97,0,5676.82,0,6135.89,0,6410.6,0,6713.39,0,8218.47,0,7012.72,0,88180.01
"China, PR","Rubber",10657,26723.77,6503,15418.93,6267,15612.06,10320,25298.75,13302,31980.09,13429,33022.14,10547,26566.95,12358,31344.41,11048,24500.41,9190,20627.42,11510,22627.99,10909,21763.77,126040,295486.75
"China, PR","Cotton",57,95.69,0,0,0,0,129,254.44,0,0,17,40.9,26,62.3,115,341.57,0,0,19,31.77,11,30.56,4,30.45,378,887.71
"China, PR","Sweets, cookies and cereal preparations",0,9679.39,0,4052.22,0,4148.43,0,8050.07,0,11985.21,0,9094.61,0,7721.37,0,9460.41,0,10898.03,0,12554.05,0,13615.97,0,13621.04,0,114880.85
"China, PR","Telephones and their parts",0,868906.93,0,631949.69,0,741242.27,0,883701.78,0,571852.55,0,546395.32,0,547916.68,0,685149,0,669760.09,0,703485.91,0,650030.02,0,560816.91,0,8061207.2
"China, PR","Precious stones, precious metals and their products",0,4158.51,0,2044.36,0,4124.07,0,5569.3,0,4110.88,0,2537.74,0,3095.85,0,2635.41,0,1938.83,0,1959.29,0,4282.87,0,2443.29,0,38900.44
"China, PR","Motor vehicles, assembled",584,16802.62,1028,41138.58,595,24993.8,3231,128884.96,3260,138496.13,2194,93099.04,1212,44782.62,1094,47668.52,1317,66795.13,1229,47146.42,496,20756.41,1100,43963.01,17340,714527.29
"India",NA,0,674545.16,0,625239.96,0,775376.22,0,546709.57,0,623873.32,0,463669.56,0,561121.66,0,521929.34,0,507251.35,0,533381.05,0,532303.6,0,721365.11,0,7086765.94
"India","Fibres, not spun",4605,14412.98,4287,15062.78,5150,17391.68,2852,9138.91,3167,10753.49,1936,7183.13,2132,9803.21,1343,6112.61,807,3553.13,656,3087.33,663,2182.36,1315,4513.13,28913,103194.79
"India","Textile fibrics",0,5058.73,0,7922.05,0,6866.54,0,4525.5,0,6644.82,0,6062.5,0,5419.96,0,4214.35,0,6661.24,0,6015.86,0,5746.64,0,4799.95,0,69938.18
"India","Insecticides and materials",0,17336.17,0,8833.85,0,7497.02,0,4465.58,0,8988.78,0,3647.88,0,7508.11,0,5527.32,0,5210.14,0,6525.7,0,9333.73,0,5344.26,0,90218.59
"India","Animal fodder and materials",0,17304.96,0,17510.55,0,26209.66,0,21087.75,0,26186.42,0,20972.78,0,21707.66,0,18463.57,0,52177.9,0,21881.63,0,47767.51,0,86648.92,0,377919.34
"India","Iron, Steel",61831,52861.02,94293,75212.73,232721,178382.27,46120,41158.28,17622,20102.36,19697,21670.7,51710,43048.4,67228,50618.58,116658,72912.9,126327,77228.91,106847,65413.62,120797,76076.23,1061851,774686.04
"India","Articles of iron and steel",0,2071.33,0,1643.18,0,2134.11,0,2011.5,0,3177.5,0,2387.71,0,2132.5,0,2594.46,0,3344.4,0,1883.21,0,2650.31,0,3677.13,0,29707.39
"India","Articles of plastics",0,2203.06,0,2169.02,0,2438.22,0,1122.66,0,1932.14,0,1823.75,0,3103.66,0,2432.8,0,2388.31,0,3179.73,0,2119.83,0,1727.55,0,26640.76
"India","Articles of rubber",0,1786.03,0,1044.78,0,1034.62,0,1215.13,0,1432.31,0,1326.22,0,1613.46,0,1663.06,0,1401.86,0,1391.51,0,2425.19,0,1708.86,0,18043.08
"India","Other petroleum products",0,2394.97,0,2384.68,0,941.23,0,1220.62,0,2017.72,0,1585.07,0,2345.84,0,1638.73,0,1110.86,0,1345.67,0,1400.95,0,1205.68,0,19592.06
"India","Chemical products",0,13498.78,0,16132.96,0,19843.51,0,13453.11,0,17263.05,0,16382.87,0,16048.84,0,12762.32,0,12170.57,0,11134.39,0,10481.99,0,13115.26,0,172287.71
"India","Ores and other minerals",18960,2619.87,26895,3818.05,26831,3780.82,18646,2648.58,27993,3822.89,23581,3179.5,26157,3342.23,22894,3025.69,19695,2636.31,17569,2376.14,18890,2327.73,14125,2012.49,262236,35590.34
"India","Fertilizers",129,280.93,157,456.86,259,619.16,234,645.13,257,653.5,270,372.11,295,667.55,0,0,80,151.38,45,57.65,647,861.25,60,113.51,2433,4879.06
"India","Auxiliary materials for cigarettes",0,290.07,0,0,0,116.07,0,190.44,0,0,0,203.44,0,94.56,0,121.49,0,63.72,0,132.6,0,31.84,0,865.37,0,2109.65
"India","Auxiliary materials for textile, garment, leather, footwear",0,6120.73,0,6432.66,0,7978.6,0,8029.01,0,7990.27,0,6841.73,0,6691.72,0,6753.11,0,6947.77,0,5031.01,0,6920.49,0,5729.94,0,81467.08
"India","Auxiliary materials for medicaments",0,3537.39,0,3886.46,0,4650.18,0,5254.18,0,3337.66,0,6894.09,0,4245.37,0,4497.25,0,5739.77,0,8001.98,0,5041.63,0,13392.26,0,68478.28
"India","Maize",256733,79072.02,103840,32077.56,145019,44698.14,369,515.9,120500,47830.91,5634,2250.55,3637,1379.38,41555,15748.46,832,232.38,143,110.61,3214,1013.38,190867,62228.02,872343,287157.39
"India","Computers, electronical products and parts",0,1322.69,0,1375.32,0,4898.7,0,2966.18,0,5010.49,0,1882.94,0,2286.34,0,1643.59,0,3459.92,0,7954.07,0,2581.05,0,1931.4,0,37312.73
"India","Other Machinery, instrument, accessory",0,53643.88,0,31184.54,0,58218.26,0,39398.92,0,55028.92,0,42440.41,0,53636.72,0,36053.09,0,48800.2,0,32637.89,0,50541.47,0,47728.51,0,549312.87
"India","Wheat",2201,763.64,0,0,0,0,70400,26243.8,367,134.07,177,71.32,0,0,0,0,0,0.24,0,0,0,0,0,0,73145,27213.08
"India","Parts and accessories for motor",0,23470.82,0,22093.86,0,26538.22,0,38712.9,0,26884.74,0,19887.91,0,28303.58,0,33213.49,0,38191.28,0,31821.01,0,37101.45,0,39505.25,0,365724.54
"India","Other base metals",15512,46080.43,12973,41020.04,16856,59431.92,13905,50241.83,19139,62138.32,14151,44462.28,14602,42155.48,15792,43900.94,9534,25464.88,12372,31397.04,13897,33958.29,14547,35025.03,173280,515276.53
"India","Chemicals",0,31150.07,0,24258.01,0,30396.35,0,31227.06,0,31438.74,0,20514.99,0,22739.33,0,26919.96,0,23331.66,0,19165.34,0,21148.23,0,21789.21,0,304078.99
"India","Fishery products",0,21782.16,0,14006.51,0,20150.06,0,29557.35,0,36818.35,0,29015.58,0,48122.91,0,50574.07,0,29178.81,0,35646.31,0,31067.51,0,32030.06,0,377949.73
"India","Fresh and pocessed vegetables and fruit",0,2119.69,0,1334.99,0,1068.12,0,2221.43,0,4776.9,0,4021.01,0,8093.19,0,4826.82,0,5019.9,0,6971.08,0,5761.38,0,7238.04,0,53452.59
"India","Paper",6843,6062.49,10850,8792.46,6737,5607.73,7501,6906.02,5236,4950.47,3472,3380.68,3363,3890.96,4165,4231.34,1567,2071.51,1689,2052.77,2159,2441.53,1139,1116.55,54721,51504.57
"India","Pharmaceutical products",0,25583.93,0,22964.05,0,19787.01,0,17380.01,0,17275.98,0,20112.62,0,24166.92,0,21430.34,0,25831.12,0,25965.68,0,25165.56,0,55134.91,0,300798.17
"India","Vegetable oil and fat",0,828.1,0,893.04,0,717.39,0,534.46,0,774.52,0,469.23,0,1139,0,1623.12,0,991.72,0,1898.5,0,152,0,828.45,0,10849.58
"India","Plastic materials",7569,11435.59,12325,17223.75,16065,21597.53,9391,14808.49,8414,14272.31,3772,7087.41,10421,15746.61,8400,12884.03,7272,10164.41,5848,8149.93,2868,4521.78,7233,9074.96,99578,146966.86
"India","Cotton",30520,72630.04,22264,52382.53,12515,27236.34,7081,14770.12,10030,23186.08,2201,4279.78,3574,5294.91,4994,7192.66,1542,2439.61,2653,3616.37,2890,4205.08,3786,6188.44,104050,223422.02
"India","Precious stones, precious metals and their products",0,28781.61,0,35568.27,0,32169.05,0,38490.2,0,37590.77,0,30929.77,0,42109.75,0,36554.17,0,41493.31,0,36379.1,0,27824.98,0,16283.61,0,404174.64
"India","Motor vehicles, assembled",0,0,10,5000,0,0,35,12903.36,4,65.31,21,7106.14,11,5500,5,3650,27,431.52,4,53.44,0,0,19,319.05,136,35028.85
"Ukraine",NA,0,5415.19,0,48928.19,0,50552.87,0,5578.48,0,966.31,0,2291.26,0,3607.06,0,3732.84,0,3571.17,0,3995.14,0,46716.87,0,3224.71,0,178580.15
"Ukraine","Articles of iron and steel",0,93.13,0,0,0,0,0,0,0,0.11,0,0,0,0,0,0.2,0,0,0,0,0,0.21,0,46.81,0,140.16
"Ukraine","Other Machinery, instrument, accessory",0,1119.99,0,273.44,0,450.76,0,88.33,0,134.77,0,83.92,0,159.58,0,107.35,0,59.26,0,123.94,0,145.94,0,21.4,0,2768.74
"Ukraine","Wheat",0,0,0,0,0,0,0,0,0,0,0,0,0,0,0,0,0,0,0,0,123017,42575.51,0,0,123017,42575.51
